Product Title,Product Details Paragraph,Displayed Price,Image Source,Detail Page Url
Anillo ESPIGA Tu y Yo brillantes OA,Oro Amarillo de 18K (750 Milésimas),"995,00",https://www.abrines.es/web/image/product.product/46227/image_1024/%5B110S11616%5D%20Anillo%20ESPIGA%20Tu%20y%20Yo%20brillantes%20OA?unique=63a89a8,https://www.abrines.es/shop/110s11616-anillo-espiga-tu-y-yo-brillantes-oa-46227
Anillo MARQUISE Trepador 5H GM OB ,Oro Blanco de 18K (750 Milésimas),"2.100,00",https://www.abrines.es/web/image/product.product/46411/image_1024/%5B110S12018WG%5D%20Anillo%20MARQUISE%20Trepador%205H%20GM%20OB%20?unique=378557f,https://www.abrines.es/shop/110s12018wg-anillo-marquise-trepador-5h-gm-ob-46411
Anillo LADY Esmeralda Brasil oval y brillantes OB,Oro Blanco de 18K (750 Milésimas),"1.700,00",https://www.abrines.es/web/image/product.product/46337/image_1024/%5B110S9224%5D%20Anillo%20LADY%20Esmeralda%20Brasil%20oval%20y%20brillantes%20OB?unique=e148725,https://www.abrines.es/shop/110s9224-anillo-lady-esmeralda-brasil-oval-y-brillantes-ob-46337
Anillo LADY Topacio rosa oval y brillantes OB,Oro Blanco de 18K (750 Milésimas),"1.180,00",https://www.abrines.es/web/image/product.product/46386/image_1024/%5B110S9115%5D%20Anillo%20LADY%20Topacio%20rosa%20oval%20y%20brillantes%20OB?unique=cf99549,https://www.abrines.es/shop/110s9115-anillo-lady-topacio-rosa-oval-y-brillantes-ob-46386
Anillo SERENITY Esmeralda octogonal y  brillantes OB,Oro Blanco de 18K (750 Milésimas),"1.970,00",https://www.abrines.es/web/image/product.product/46506/image_1024/%5B110S9335%5D%20Anillo%20SERENITY%20Esmeralda%20octogonal%20y%20%20brillantes%20OB?unique=e7f1ffa,https://www.abrines.es/shop/110s9335-anillo-serenity-esmeralda-octogonal-y-brillantes-ob-46506
Anillo LADY Zafiro naranja octogonal y brillantes OR,Oro Rosa de 18K (750 Milésimas),"1.395,00",https://www.abrines.es/web/image/product.product/46401/image_1024/%5B110S10378%5D%20Anillo%20LADY%20Zafiro%20naranja%20octogonal%20y%20brillantes%20OR?unique=4bae4cd,https://www.abrines.es/shop/110s10378-anillo-lady-zafiro-naranja-octogonal-y-brillantes-or-46401
Anillo LADY Esmeralda oval y brillantes OR,Oro Rosa de 18K (750 Milésimas),"1.695,00",https://www.abrines.es/web/image/product.product/46352/image_1024/%5B110S8815-1%5D%20Anillo%20LADY%20Esmeralda%20oval%20y%20brillantes%20OR?unique=0d68317,https://www.abrines.es/shop/110s8815-1-anillo-lady-esmeralda-oval-y-brillantes-or-46352
Anillo LADY Topacio London Blue oval y brillantes OB,Oro Blanco de 18K (750 Milésimas),"3.000,00",https://www.abrines.es/web/image/product.product/46382/image_1024/%5B110S11076%5D%20Anillo%20LADY%20Topacio%20London%20Blue%20oval%20y%20brillantes%20OB?unique=1bfe6fb,https://www.abrines.es/shop/110s11076-anillo-lady-topacio-london-blue-oval-y-brillantes-ob-46382
Anillo LADY Twin doble Topacio azul oval hilos y aro brillantes OB,Oro Blanco de 18K (750 Milésimas),"2.100,00",https://www.abrines.es/web/image/product.product/46213/image_1024/%5B110S10079%5D%20Anillo%20LADY%20Twin%20doble%20Topacio%20azul%20oval%20hilos%20y%20aro%20brillantes%20OB?unique=55bcca6,https://www.abrines.es/shop/110s10079-anillo-lady-twin-doble-topacio-azul-oval-hilos-y-aro-brillantes-ob-46213
Anillo RIVIERE Media alianza paredilla brillantes 11 brillantes OR,Oro Rosa de 18K (750 Milésimas),"3.595,00",https://www.abrines.es/web/image/product.product/46484/image_1024/%5B110S8123%5D%20Anillo%20RIVIERE%20Media%20alianza%20paredilla%20brillantes%2011%20brillantes%20OR?unique=c720693,https://www.abrines.es/shop/110s8123-anillo-riviere-media-alianza-paredilla-brillantes-11-brillantes-or-46484
BVLGARI Bvlgari Bvlgari 23mm Cuarzo 103695,Ref. 103695,"3.800,00",https://www.abrines.es/web/image/product.product/52415/image_1024/%5BBVL103695%5D%20BVLGARI%20Bvlgari%20Bvlgari%2023mm%20Cuarzo%20103695?unique=39ff643,https://www.abrines.es/shop/bvl103695-bvlgari-bvlgari-bvlgari-23mm-cuarzo-103695-52636
Anillo ETERNITY Tu y yo two PM brillantes OB,Oro Blanco de 18K (750 Milésimas),"2.150,00",https://www.abrines.es/web/image/product.product/46238/image_1024/%5B110S11292WG%5D%20Anillo%20ETERNITY%20Tu%20y%20yo%20two%20PM%20brillantes%20OB?unique=295876f,https://www.abrines.es/shop/110s11292wg-anillo-eternity-tu-y-yo-two-pm-brillantes-ob-46238
Anillo ETERNITY Tu y yo one PM brillantes OB,Oro Blanco de 18K (750 Milésimas),"1.695,00",https://www.abrines.es/web/image/product.product/46236/image_1024/%5B110S11291WG%5D%20Anillo%20ETERNITY%20Tu%20y%20yo%20one%20PM%20brillantes%20OB?unique=3ffcf3f,https://www.abrines.es/shop/110s11291wg-anillo-eternity-tu-y-yo-one-pm-brillantes-ob-46236
Anillo BAGUETTES y Topacio London Blue rectangular OB,Oro Blanco de 18K (750 Milésimas),"3.500,00",https://www.abrines.es/web/image/product.product/46184/image_1024/%5B110S10401%5D%20Anillo%20BAGUETTES%20y%20Topacio%20London%20Blue%20rectangular%20OB?unique=e9c0f42,https://www.abrines.es/shop/110s10401-anillo-baguettes-y-topacio-london-blue-rectangular-ob-46184
Anillo ETERNITY MM brillantes OR,Oro Rosa de 18K (750 Milésimas),"1.690,00",https://www.abrines.es/web/image/product.product/46234/image_1024/%5B110S8907RG%5D%20Anillo%20ETERNITY%20MM%20brillantes%20OR?unique=a0107ac,https://www.abrines.es/shop/110s8907rg-anillo-eternity-mm-brillantes-or-46234
Anillo ETERNITY GM brillantes OB,Oro Blanco de 18K (750 Milésimas),"2.440,00",https://www.abrines.es/web/image/product.product/46230/image_1024/%5B110S8908WG%5D%20Anillo%20ETERNITY%20GM%20brillantes%20OB?unique=ccbe8f3,https://www.abrines.es/shop/110s8908wg-anillo-eternity-gm-brillantes-ob-46230
Anillo LADY Turmalina verde oval apaisada y brillantes OR,Oro Rosa de 18K (750 Milésimas),"1.925,00",https://www.abrines.es/web/image/product.product/46391/image_1024/%5B110S9571%5D%20Anillo%20LADY%20Turmalina%20verde%20oval%20apaisada%20y%20brillantes%20OR?unique=ddc5665,https://www.abrines.es/shop/110s9571-anillo-lady-turmalina-verde-oval-apaisada-y-brillantes-or-46391
Anillo RIVIERE Doble media alianza brillantes OR,Oro Rosa de 18K (750 Milésimas),"2.395,00",https://www.abrines.es/web/image/product.product/46435/image_1024/%5B110S8876%5D%20Anillo%20RIVIERE%20Doble%20media%20alianza%20brillantes%20OR?unique=1d2ca1c,https://www.abrines.es/shop/110s8876-anillo-riviere-doble-media-alianza-brillantes-or-46435
Anillo FOREVER Rubí oval y diamantes triangulo OB,Oro Blanco de 18K (750 Milésimas),"4.695,00",https://www.abrines.es/web/image/product.product/46242/image_1024/%5B110S11804%5D%20Anillo%20FOREVER%20Rub%C3%AD%20oval%20y%20diamantes%20triangulo%20OB?unique=d792061,https://www.abrines.es/shop/110s11804-anillo-forever-rubi-oval-y-diamantes-triangulo-ob-46242
Anillo GALLERY Media alianza 9 brillantes OR,Oro Rosa de 18K (750 Milésimas),"1.995,00",https://www.abrines.es/web/image/product.product/46296/image_1024/%5B110S7889OR%5D%20Anillo%20GALLERY%20Media%20alianza%209%20brillantes%20OR?unique=1710182,https://www.abrines.es/shop/110s7889or-anillo-gallery-media-alianza-9-brillantes-or-46296
Anillo GALLERY Media alianza 9 brillantes OB,Oro Blanco de 18K (750 Milésimas),"2.375,00",https://www.abrines.es/web/image/product.product/46291/image_1024/%5B110S7835%5D%20Anillo%20GALLERY%20Media%20alianza%209%20brillantes%20OB?unique=7c12c4e,https://www.abrines.es/shop/110s7835-anillo-gallery-media-alianza-9-brillantes-ob-46291
Anillo GALLERY Media alianza 11 brillantes OB,Oro Blanco de 18K (750 Milésimas),"920,00",https://www.abrines.es/web/image/product.product/46263/image_1024/%5B110S6931%5D%20Anillo%20GALLERY%20Media%20alianza%2011%20brillantes%20OB?unique=2c782f3,https://www.abrines.es/shop/110s6931-anillo-gallery-media-alianza-11-brillantes-ob-46263
Anillo RIVIERE Media alianza 9 brillantes OB,Oro Blanco de 18K (750 Milésimas),"3.295,00",https://www.abrines.es/web/image/product.product/46462/image_1024/%5B110S9369%5D%20Anillo%20RIVIERE%20Media%20alianza%209%20brillantes%20OB?unique=93d2b77,https://www.abrines.es/shop/110s9369-anillo-riviere-media-alianza-9-brillantes-ob-46462
Anillo ETERNITY MM  brillantes OB,Oro Blanco de 18K (750 Milésimas),"1.690,00",https://www.abrines.es/web/image/product.product/46232/image_1024/%5B110S8906WG%5D%20Anillo%20ETERNITY%20MM%20%20brillantes%20OB?unique=5793347,https://www.abrines.es/shop/110s8906wg-anillo-eternity-mm-brillantes-ob-46232
Anillo RIVIERE Media alianza paredilla 9 brillantes OB,Oro Blanco de 18K (750 Milésimas),"2.350,00",https://www.abrines.es/web/image/product.product/46482/image_1024/%5B110S5649%5D%20Anillo%20RIVIERE%20Media%20alianza%20paredilla%209%20brillantes%20OB?unique=5a44997,https://www.abrines.es/shop/110s5649-anillo-riviere-media-alianza-paredilla-9-brillantes-ob-46482
Anillo RIVIERE Media alianza 13 brillantes OB,Oro Blanco de 18K (750 Milésimas),"990,00",https://www.abrines.es/web/image/product.product/46449/image_1024/%5B110S9068%5D%20Anillo%20RIVIERE%20Media%20alianza%2013%20brillantes%20OB?unique=7e358e9,https://www.abrines.es/shop/110s9068-anillo-riviere-media-alianza-13-brillantes-ob-46449
Anillo RIVIERE Media alianza 11 brillantes OB,Oro Blanco de 18K (750 Milésimas),"2.240,00",https://www.abrines.es/web/image/product.product/46440/image_1024/%5B110S7802%5D%20Anillo%20RIVIERE%20Media%20alianza%2011%20brillantes%20OB?unique=3c54fb5,https://www.abrines.es/shop/110s7802-anillo-riviere-media-alianza-11-brillantes-ob-46440
Anillo LADY Zafiro naranja oval y brillantes OR,Oro Rosa de 18K (750 Milésimas),"1.395,00",https://www.abrines.es/web/image/product.product/46402/image_1024/%5B110S10379%5D%20Anillo%20LADY%20Zafiro%20naranja%20oval%20y%20brillantes%20OR?unique=116fb48,https://www.abrines.es/shop/110s10379-anillo-lady-zafiro-naranja-oval-y-brillantes-or-46402
Anillo GALLERY Doble media alianza brillantes OB,Oro Blanco de 18K (750 Milésimas),"3.670,00",https://www.abrines.es/web/image/product.product/46255/image_1024/%5B110S6030%5D%20Anillo%20GALLERY%20Doble%20media%20alianza%20brillantes%20OB?unique=d1ea632,https://www.abrines.es/shop/110s6030-anillo-gallery-doble-media-alianza-brillantes-ob-46255
Anillo GALLERY Media alianza 7 brillantes OB,Oro Blanco de 18K (750 Milésimas),"4.250,00",https://www.abrines.es/web/image/product.product/46289/image_1024/%5B110S10168%5D%20Anillo%20GALLERY%20Media%20alianza%207%20brillantes%20OB?unique=6689f65,https://www.abrines.es/shop/110s10168-anillo-gallery-media-alianza-7-brillantes-ob-46289
Anillo LADY XL Tsavorita verde oval y garras brillantes OB,,"6.950,00",https://www.abrines.es/web/image/product.product/46397/image_1024/%5B110S7689%5D%20Anillo%20LADY%20XL%20Tsavorita%20verde%20oval%20y%20garras%20brillantes%20OB?unique=d0349b8,https://www.abrines.es/shop/110s7689-anillo-lady-xl-tsavorita-verde-oval-y-garras-brillantes-ob-46397
Anillo GALLERY Alianza completa GM 40 baguettes OB,Oro Blanco de 18K (750 Milésimas),"11.350,00",https://www.abrines.es/web/image/product.product/46247/image_1024/%5B110S5364%5D%20Anillo%20GALLERY%20Alianza%20completa%20GM%2040%20baguettes%20OB?unique=6b08069,https://www.abrines.es/shop/110s5364-anillo-gallery-alianza-completa-gm-40-baguettes-ob-46247
Anillo ENMA Topacio azul y taipes diamantes OB,Oro Blanco de 18K (750 Milésimas),"1.595,00",https://www.abrines.es/web/image/product.product/46225/image_1024/%5B110S11737%5D%20Anillo%20ENMA%20Topacio%20azul%20y%20taipes%20diamantes%20OB?unique=5c36adb,https://www.abrines.es/shop/110s11737-anillo-enma-topacio-azul-y-taipes-diamantes-ob-46225
Anillo TRILOGY Topacios Sky y London Blue OB,Oro Blanco de 18K (750 Milésimas),"1.500,00",https://www.abrines.es/web/image/product.product/46610/image_1024/%5B110S10008%5D%20Anillo%20TRILOGY%20Topacios%20Sky%20y%20London%20Blue%20OB?unique=eb87867,https://www.abrines.es/shop/110s10008-anillo-trilogy-topacios-sky-y-london-blue-ob-46610
Anillo SERENITY Topacio London Blue oval y brillantes OB,Oro Blanco de 18K (750 Milésimas),"2.250,00",https://www.abrines.es/web/image/product.product/46525/image_1024/%5B110S10856%5D%20Anillo%20SERENITY%20Topacio%20London%20Blue%20oval%20y%20brillantes%20OB?unique=1669208,https://www.abrines.es/shop/110s10856-anillo-serenity-topacio-london-blue-oval-y-brillantes-ob-46525
Anillo GALLERY Media alianza 10 baguettes en horizontal OB,Oro Blanco de 18K (750 Milésimas),"6.395,00",https://www.abrines.es/web/image/product.product/46260/image_1024/%5B110S9656%5D%20Anillo%20GALLERY%20Media%20alianza%2010%20baguettes%20en%20horizontal%20OB?unique=751fb9f,https://www.abrines.es/shop/110s9656-anillo-gallery-media-alianza-10-baguettes-en-horizontal-ob-46260
Anillo BRIDGE Four de brillantes y Rubí oval OB,Oro Blanco de 18K (750 Milésimas),"18.620,00",https://www.abrines.es/web/image/product.product/46201/image_1024/%5BRINBRIG4RUBWG%5D%20Anillo%20BRIDGE%20Four%20de%20brillantes%20y%20Rub%C3%AD%20oval%20OB?unique=4239be6,https://www.abrines.es/shop/rinbrig4rubwg-anillo-bridge-four-de-brillantes-y-rubi-oval-ob-46201
Anillo BAGUETTES y Turmalina rosa oval OR,Oro Rosa de 18K (750 Milésimas),"5.695,00",https://www.abrines.es/web/image/product.product/46188/image_1024/%5B110S10724%5D%20Anillo%20BAGUETTES%20y%20Turmalina%20rosa%20oval%20OR?unique=8b98834,https://www.abrines.es/shop/110s10724-anillo-baguettes-y-turmalina-rosa-oval-or-46188
"Anillo LADY Solitario 0,40kts y brillantes OB",Oro Blanco de 18K (750 Milésimas),"4.120,00",https://www.abrines.es/web/image/product.product/46368/image_1024/%5B110S10349%5D%20Anillo%20LADY%20Solitario%200%2C40kts%20y%20brillantes%20OB?unique=959d9a7,https://www.abrines.es/shop/110s10349-anillo-lady-solitario-040kts-y-brillantes-ob-46368
Anillo ASYMMETRY Turmalina rosa oval y brillantes OB,Oro Blanco de 18K (750 Milésimas),"3.595,00",https://www.abrines.es/web/image/product.product/46154/image_1024/%5B110S11411%5D%20Anillo%20ASYMMETRY%20Turmalina%20rosa%20oval%20y%20brillantes%20OB?unique=c8d715e,https://www.abrines.es/shop/110s11411-anillo-asymmetry-turmalina-rosa-oval-y-brillantes-ob-46154
Anillo SERENITY Aguamarina oval y brillantes OB,Oro Blanco de 18K (750 Milésimas),"1.875,00",https://www.abrines.es/web/image/product.product/46498/image_1024/%5B110S9114%5D%20Anillo%20SERENITY%20Aguamarina%20oval%20y%20brillantes%20OB?unique=abb30c4,https://www.abrines.es/shop/110s9114-anillo-serenity-aguamarina-oval-y-brillantes-ob-46498
Anillo GALLERY Media alianza 21 baguettes OB,Oro Blanco de 18K (750 Milésimas),"2.120,00",https://www.abrines.es/web/image/product.product/46284/image_1024/%5B110S7953%5D%20Anillo%20GALLERY%20Media%20alianza%2021%20baguettes%20OB?unique=6cd4ac3,https://www.abrines.es/shop/110s7953-anillo-gallery-media-alianza-21-baguettes-ob-46284
Anillo SERENITY Cianita oval y brillantes OB,Oro Blanco de 18K (750 Milésimas),"2.300,00",https://www.abrines.es/web/image/product.product/46499/image_1024/%5B110S11620%5D%20Anillo%20SERENITY%20Cianita%20oval%20y%20brillantes%20OB?unique=7c289c0,https://www.abrines.es/shop/110s11620-anillo-serenity-cianita-oval-y-brillantes-ob-46499
Anillo BAGUETTES y Topacio London Blue oval OB,Oro Blanco de 18K (750 Milésimas),"4.790,00",https://www.abrines.es/web/image/product.product/46180/image_1024/%5B110S10405%5D%20Anillo%20BAGUETTES%20y%20Topacio%20London%20Blue%20oval%20OB?unique=65fe496,https://www.abrines.es/shop/110s10405-anillo-baguettes-y-topacio-london-blue-oval-ob-46180
LONGINES Spirit Flyback 42mm Automático L38214536,Ref. L38214536,"5.100,00",https://www.abrines.es/web/image/product.product/52417/image_1024/%5BL38214536%5D%20LONGINES%20Spirit%20Flyback%2042mm%20Autom%C3%A1tico%20L38214536?unique=d94e1ab,https://www.abrines.es/shop/l38214536-longines-spirit-flyback-42mm-automatico-l38214536-52638
Anillo SERENITY Tu y Yo two diamante talla princesa y esmeralda OB,Oro Blanco de 18K (750 Milésimas),"4.625,00",https://www.abrines.es/web/image/product.product/46534/image_1024/%5B110S11587%5D%20Anillo%20SERENITY%20Tu%20y%20Yo%20two%20diamante%20talla%20princesa%20y%20esmeralda%20OB?unique=c220827,https://www.abrines.es/shop/110s11587-anillo-serenity-tu-y-yo-two-diamante-talla-princesa-y-esmeralda-ob-46534
Anillo ETERNITY GM brillantes OR,Oro Rosa de 18K (750 Milésimas),"2.440,00",https://www.abrines.es/web/image/product.product/46231/image_1024/%5B110S8909RG%5D%20Anillo%20ETERNITY%20GM%20brillantes%20OR?unique=eb2224d,https://www.abrines.es/shop/110s8909rg-anillo-eternity-gm-brillantes-or-46231
Anillo ESMERALDA 2 Brillantes triangulos OB,Oro Blanco de 18K (750 Milésimas),"11.000,00",https://www.abrines.es/web/image/product.product/46226/image_1024/%5B110S11540%5D%20Anillo%20ESMERALDA%202%20Brillantes%20triangulos%20OB?unique=a0c0ecf,https://www.abrines.es/shop/110s11540-anillo-esmeralda-2-brillantes-triangulos-ob-46226
Pendientes RAINBOW Three Peridotos y brillantes con perlas australianas OA,Oro Amarillo de 18K (750 Milésimas),"2.995,00",https://www.abrines.es/web/image/product.product/52049/image_1024/%5BPENDRBW3PERYG%5D%20Pendientes%20RAINBOW%20Three%20Peridotos%20y%20brillantes%20con%20perlas%20australianas%20OA?unique=fae83fa,https://www.abrines.es/shop/pendrbw3peryg-pendientes-rainbow-three-peridotos-y-brillantes-con-perlas-australianas-oa-52269
ZENITH Chronomaster Original 38mm 03.3200.3600/69.C902,Ref. 03.3200.3600/69.M3200,"9.900,00",https://www.abrines.es/web/image/product.product/52419/image_1024/%5B03.3200.3600-69.C902%5D%20ZENITH%20Chronomaster%20Original%2038mm%2003.3200.3600-69.C902?unique=2fd8b22,https://www.abrines.es/shop/03-3200-3600-69-c902-zenith-chronomaster-original-38mm-03-3200-3600-69-c902-52640
Anillo SYMMETRY Five Esmeralda oval y brillantes OB,Oro Blanco de 18K (750 Milésimas),"8.920,00",https://www.abrines.es/web/image/product.product/46583/image_1024/%5B110S6182%5D%20Anillo%20SYMMETRY%20Five%20Esmeralda%20oval%20y%20brillantes%20OB?unique=0618b61,https://www.abrines.es/shop/110s6182-anillo-symmetry-five-esmeralda-oval-y-brillantes-ob-46583
Anillo PERSEIDAS Brillantes OB,Oro Blanco de 18K (750 Milésimas),"1.095,00",https://www.abrines.es/web/image/product.product/46424/image_1024/%5B110PERSBRWG%5D%20Anillo%20PERSEIDAS%20Brillantes%20OB?unique=a400664,https://www.abrines.es/shop/110persbrwg-anillo-perseidas-brillantes-ob-46424
BVLGARI Octo Finissimo Automatic 40mm 103856,Ref. 103856,"15.000,00",https://www.abrines.es/web/image/product.product/52423/image_1024/%5BBVL103856%5D%20BVLGARI%20Octo%20Finissimo%20Automatic%2040mm%20103856?unique=9067704,https://www.abrines.es/shop/bvl103856-bvlgari-octo-finissimo-automatic-40mm-103856-52644
Anillo TRILOGY Topacio Sky y London Blue OB,Oro Blanco de 18K (750 Milésimas),"1.840,00",https://www.abrines.es/web/image/product.product/46608/image_1024/%5B110S10009%5D%20Anillo%20TRILOGY%20Topacio%20Sky%20y%20London%20Blue%20OB?unique=d4a5170,https://www.abrines.es/shop/110s10009-anillo-trilogy-topacio-sky-y-london-blue-ob-46608
Anillo VENUS Topacio London Blue oval y brillantes OB,Oro Blanco de 18K (750 Milésimas),"2.570,00",https://www.abrines.es/web/image/product.product/46635/image_1024/%5B110S10878%5D%20Anillo%20VENUS%20Topacio%20London%20Blue%20oval%20y%20brillantes%20OB?unique=e37a014,https://www.abrines.es/shop/110s10878-anillo-venus-topacio-london-blue-oval-y-brillantes-ob-46635
Anillo BRIDGE Five de brillantes y Topacio London Blue oval OB,Oro Blanco de 18K (750 Milésimas),"6.750,00",https://www.abrines.es/web/image/product.product/46198/image_1024/%5BRINBRIG5LBWG%5D%20Anillo%20BRIDGE%20Five%20de%20brillantes%20y%20Topacio%20London%20Blue%20oval%20OB?unique=892873d,https://www.abrines.es/shop/rinbrig5lbwg-anillo-bridge-five-de-brillantes-y-topacio-london-blue-oval-ob-46198
Anillo ASYMMETRY Topacio Sky Blue oval y brillantes OB,Oro Blanco de 18K (750 Milésimas),"2.995,00",https://www.abrines.es/web/image/product.product/46152/image_1024/%5B110S10186%5D%20Anillo%20ASYMMETRY%20Topacio%20Sky%20Blue%20oval%20y%20brillantes%20OB?unique=690d8c6,https://www.abrines.es/shop/110s10186-anillo-asymmetry-topacio-sky-blue-oval-y-brillantes-ob-46152
Anillo PERSEIDAS Brillantes OA,Oro Amarillo de 18K (750 Milésimas),"1.095,00",https://www.abrines.es/web/image/product.product/46423/image_1024/%5B110PERSBRYG%5D%20Anillo%20PERSEIDAS%20Brillantes%20OA?unique=039d55c,https://www.abrines.es/shop/110persbryg-anillo-perseidas-brillantes-oa-46423
HUBLOT Classic Fusion Original Black Magic 42mm 542.CX.1270.RX.MDM,Ref. 542.CM.1171.RX,"10.900,00",https://www.abrines.es/web/image/product.product/52420/image_1024/%5B542.CX.1270.RX.MDM%5D%20HUBLOT%20Classic%20Fusion%20Original%20Black%20Magic%2042mm%20542.CX.1270.RX.MDM?unique=7f18eb2,https://www.abrines.es/shop/542-cx-1270-rx-mdm-hublot-classic-fusion-original-black-magic-42mm-542-cx-1270-rx-mdm-52641
Anillo MARQUISE Trepador 8H GM OA ,Oro Amarillo de 18K (750 Milésimas),"2.795,00",https://www.abrines.es/web/image/product.product/46412/image_1024/%5B110S11976YG%5D%20Anillo%20MARQUISE%20Trepador%208H%20GM%20OA%20?unique=cc97d79,https://www.abrines.es/shop/110s11976yg-anillo-marquise-trepador-8h-gm-oa-46412
Anillo ESPIGA Tu y Yo brillantes OB,Oro Blanco de 18K (750 Milésimas),"995,00",https://www.abrines.es/web/image/product.product/46228/image_1024/%5B110S11516%5D%20Anillo%20ESPIGA%20Tu%20y%20Yo%20brillantes%20OB?unique=17e7bd7,https://www.abrines.es/shop/110s11516-anillo-espiga-tu-y-yo-brillantes-ob-46228
Anillo TRILOGY Amatista rectangular y Topacios amarillos OR,Oro Rosa de 18K (750 Milésimas),"1.995,00",https://www.abrines.es/web/image/product.product/46601/image_1024/%5B110S9567%5D%20Anillo%20TRILOGY%20Amatista%20rectangular%20y%20Topacios%20amarillos%20OR?unique=62f8e24,https://www.abrines.es/shop/110s9567-anillo-trilogy-amatista-rectangular-y-topacios-amarillos-or-46601
Anillo TRILOGY Amatista rectangular apaisada y Turmalinas  OR,Oro Rosa de 18K (750 Milésimas),"1.975,00",https://www.abrines.es/web/image/product.product/46600/image_1024/%5B110S9594%5D%20Anillo%20TRILOGY%20Amatista%20rectangular%20apaisada%20y%20Turmalinas%20%20OR?unique=2ca223a,https://www.abrines.es/shop/110s9594-anillo-trilogy-amatista-rectangular-apaisada-y-turmalinas-or-46600
"Anillo VILA Solitario brillante 0,73kts y baguettes OB",Oro Blanco de 18K (750 Milésimas),"13.070,00",https://www.abrines.es/web/image/product.product/46644/image_1024/%5B110S1682%5D%20Anillo%20VILA%20Solitario%20brillante%200%2C73kts%20y%20baguettes%20OB?unique=a746d99,https://www.abrines.es/shop/110s1682-anillo-vila-solitario-brillante-073kts-y-baguettes-ob-46644
"Anillo VILA Solitario brillante 0,60kts y riviere de brillantes OB",Oro Blanco de 18K (750 Milésimas),"10.190,00",https://www.abrines.es/web/image/product.product/46643/image_1024/%5B110S10501%5D%20Anillo%20VILA%20Solitario%20brillante%200%2C60kts%20y%20riviere%20de%20brillantes%20OB?unique=b5e3ea7,https://www.abrines.es/shop/110s10501-anillo-vila-solitario-brillante-060kts-y-riviere-de-brillantes-ob-46643
Anillo SINGULAR Gran óvalo brillantes en hilo y orla brillantes OB,Oro Blanco de 18K (750 Milésimas),"15.490,00",https://www.abrines.es/web/image/product.product/46551/image_1024/%5B253-1041%5D%20Anillo%20SINGULAR%20Gran%20%C3%B3valo%20brillantes%20en%20hilo%20y%20orla%20brillantes%20OB?unique=629dc3f,https://www.abrines.es/shop/253-1041-anillo-singular-gran-ovalo-brillantes-en-hilo-y-orla-brillantes-ob-46551
Anillo SINGULAR Gran cruceta y banda pavé brillantes OB,Oro Blanco de 18K (750 Milésimas),"14.120,00",https://www.abrines.es/web/image/product.product/46550/image_1024/%5B035-R22003%5D%20Anillo%20SINGULAR%20Gran%20cruceta%20y%20banda%20pav%C3%A9%20brillantes%20OB?unique=82935c1,https://www.abrines.es/shop/035-r22003-anillo-singular-gran-cruceta-y-banda-pave-brillantes-ob-46550
Anillo BAGUETTES y Zafiro azul oval difusión  OB,Oro Blanco de 18K (750 Milésimas),"3.150,00",https://www.abrines.es/web/image/product.product/46191/image_1024/%5B110S10894%5D%20Anillo%20BAGUETTES%20y%20Zafiro%20azul%20oval%20difusi%C3%B3n%20%20OB?unique=27024c6,https://www.abrines.es/shop/110s10894-anillo-baguettes-y-zafiro-azul-oval-difusion-ob-46191
Anillo BAGUETTES y Topacio London Blue rectangular OB,Oro Blanco de 18K (750 Milésimas),"4.320,00",https://www.abrines.es/web/image/product.product/46183/image_1024/%5B110S10406%5D%20Anillo%20BAGUETTES%20y%20Topacio%20London%20Blue%20rectangular%20OB?unique=c27b384,https://www.abrines.es/shop/110s10406-anillo-baguettes-y-topacio-london-blue-rectangular-ob-46183
Anillo VENUS Topacio London Blue octogonal y brillantes OB,Oro Blanco de 18K (750 Milésimas),"2.995,00",https://www.abrines.es/web/image/product.product/46634/image_1024/%5B110S10518%5D%20Anillo%20VENUS%20Topacio%20London%20Blue%20octogonal%20y%20brillantes%20OB?unique=db88b4e,https://www.abrines.es/shop/110s10518-anillo-venus-topacio-london-blue-octogonal-y-brillantes-ob-46634
Anillo MARQUISE Trepador 8H GM OB,Oro Blanco de 18K (750 Milésimas),"2.795,00",https://www.abrines.es/web/image/product.product/46413/image_1024/%5B110S11776WG%5D%20Anillo%20MARQUISE%20Trepador%208H%20GM%20OB?unique=b27defc,https://www.abrines.es/shop/110s11776wg-anillo-marquise-trepador-8h-gm-ob-46413
